endpoint,method,k,k_effective,seed,auroc,n_eval_patients
egfr,finetune,10,10,0,0.7256410256410256,43
egfr,finetune,10,10,1,0.6552706552706553,40
egfr,finetune,10,10,2,0.8854166666666666,36
egfr,finetune,10,10,3,0.7586206896551724,43
egfr,finetune,10,10,4,0.5858585858585859,38
egfr,finetune,10,10,5,0.7096774193548387,42
egfr,finetune,10,10,6,0.8186274509803921,41
egfr,finetune,10,10,7,0.7487684729064039,43
egfr,finetune,25,25,0,0.7487179487179487,43
egfr,finetune,25,25,1,0.7094017094017094,40
egfr,finetune,25,25,2,0.9131944444444444,36
egfr,finetune,25,25,3,0.7536945812807881,43
egfr,finetune,25,25,4,0.6127946127946128,38
egfr,finetune,25,25,5,0.7390029325513197,42
egfr,finetune,25,25,6,0.8431372549019608,41
egfr,finetune,25,25,7,0.7955665024630542,43
egfr,finetune,50,50,0,0.7512820512820513,43
egfr,finetune,50,50,1,0.7578347578347578,40
egfr,finetune,50,50,2,0.8993055555555556,36
egfr,finetune,50,50,3,0.7512315270935961,43
egfr,finetune,50,50,4,0.6026936026936027,38
egfr,finetune,50,50,5,0.7478005865102639,42
egfr,finetune,50,50,6,0.8504901960784313,41
egfr,finetune,50,50,7,0.8226600985221675,43
egfr,finetune,100,62,0,0.7512820512820513,43
egfr,finetune,100,65,1,0.7521367521367521,40
egfr,finetune,100,69,2,0.9131944444444444,36
egfr,finetune,100,62,3,0.7487684729064039,43
egfr,finetune,100,67,4,0.632996632996633,38
egfr,finetune,100,63,5,0.750733137829912,42
egfr,finetune,100,64,6,0.8578431372549019,41
egfr,finetune,100,62,7,0.8152709359605911,43
egfr,linear_probe,10,10,0,0.7076923076923077,43
egfr,linear_probe,10,10,1,0.6267806267806267,40
egfr,linear_probe,10,10,2,0.8819444444444444,36
egfr,linear_probe,10,10,3,0.7561576354679803,43
egfr,linear_probe,10,10,4,0.5420875420875421,38
egfr,linear_probe,10,10,5,0.7008797653958945,42
egfr,linear_probe,10,10,6,0.8137254901960784,41
egfr,linear_probe,10,10,7,0.7192118226600985,43
egfr,linear_probe,25,25,0,0.7282051282051282,43
egfr,linear_probe,25,25,1,0.6638176638176638,40
egfr,linear_probe,25,25,2,0.9166666666666666,36
egfr,linear_probe,25,25,3,0.7660098522167488,43
egfr,linear_probe,25,25,4,0.5589225589225589,38
egfr,linear_probe,25,25,5,0.7214076246334311,42
egfr,linear_probe,25,25,6,0.8161764705882353,41
egfr,linear_probe,25,25,7,0.7610837438423645,43
egfr,linear_probe,50,50,0,0.7538461538461538,43
egfr,linear_probe,50,50,1,0.7378917378917379,40
egfr,linear_probe,50,50,2,0.9305555555555556,36
egfr,linear_probe,50,50,3,0.770935960591133,43
egfr,linear_probe,50,50,4,0.5454545454545454,38
egfr,linear_probe,50,50,5,0.7155425219941349,42
egfr,linear_probe,50,50,6,0.8088235294117647,41
egfr,linear_probe,50,50,7,0.7980295566502463,43
egfr,linear_probe,100,62,0,0.7410256410256411,43
egfr,linear_probe,100,65,1,0.7094017094017094,40
egfr,linear_probe,100,69,2,0.9340277777777778,36
egfr,linear_probe,100,62,3,0.7660098522167488,43
egfr,linear_probe,100,67,4,0.5858585858585859,38
egfr,linear_probe,100,63,5,0.7302052785923754,42
egfr,linear_probe,100,64,6,0.821078431372549,41
egfr,linear_probe,100,62,7,0.7857142857142857,43
egfr,zeroshot,0,0,0,0.7076923076923077,43
egfr,zeroshot,0,0,1,0.6638176638176638,40
egfr,zeroshot,0,0,2,0.8715277777777778,36
egfr,zeroshot,0,0,3,0.729064039408867,43
egfr,zeroshot,0,0,4,0.5622895622895623,38
egfr,zeroshot,0,0,5,0.6832844574780058,42
egfr,zeroshot,0,0,6,0.7647058823529411,41
egfr,zeroshot,0,0,7,0.7142857142857143,43
subtype,finetune,10,10,0,0.9716854535695115,173
subtype,finetune,10,10,1,0.9818840579710145,173
subtype,finetune,10,10,2,0.988593666129898,173
subtype,finetune,10,10,3,0.9741009125067096,173
subtype,finetune,10,10,4,0.9766505636070854,173
subtype,finetune,10,10,5,0.9810789049919485,173
subtype,finetune,10,10,6,0.9938271604938271,173
subtype,finetune,10,10,7,0.9916800858829844,173
subtype,finetune,25,25,0,0.9804079441760601,173
subtype,finetune,25,25,1,0.9840311325818573,173
subtype,finetune,25,25,2,0.9892646269457863,173
subtype,finetune,25,25,3,0.9687332259796028,173
subtype,finetune,25,25,4,0.975979602791197,173
subtype,finetune,25,25,5,0.9817498658078369,173
subtype,finetune,25,25,6,0.9949006977992485,173
subtype,finetune,25,25,7,0.988996242619431,173
subtype,finetune,50,50,0,0.9806763285024155,173
subtype,finetune,50,50,1,0.9867149758454107,173
subtype,finetune,50,50,2,0.9916800858829844,173
subtype,finetune,50,50,3,0.974369296833065,173
subtype,finetune,50,50,4,0.9794685990338164,173
subtype,finetune,50,50,5,0.9816156736446592,173
subtype,finetune,50,50,6,0.9930220075147611,173
subtype,finetune,50,50,7,0.9880568974771873,173
subtype,finetune,100,100,0,0.9804079441760601,173
subtype,finetune,100,100,1,0.9883252818035426,173
subtype,finetune,100,100,2,0.9911433172302737,173
subtype,finetune,100,100,3,0.9750402576489533,173
subtype,finetune,100,100,4,0.975577026301664,173
subtype,finetune,100,100,5,0.9832259796027912,173
subtype,finetune,100,100,6,0.9958400429414922,173
subtype,finetune,100,100,7,0.9922168545356951,173
subtype,linear_probe,10,10,0,0.9754428341384863,173
subtype,linear_probe,10,10,1,0.9817498658078369,173
subtype,linear_probe,10,10,2,0.9879227053140096,173
subtype,linear_probe,10,10,3,0.9702093397745571,173
subtype,linear_probe,10,10,4,0.9745034889962426,173
subtype,linear_probe,10,10,5,0.9802737520128825,173
subtype,linear_probe,10,10,6,0.9916800858829844,173
subtype,linear_probe,10,10,7,0.99020397208803,173
subtype,linear_probe,25,25,0,0.9762479871175523,173
subtype,linear_probe,25,25,1,0.9833601717659689,173
subtype,linear_probe,25,25,2,0.988593666129898,173
subtype,linear_probe,25,25,3,0.9702093397745571,173
subtype,linear_probe,25,25,4,0.9745034889962426,173
subtype,linear_probe,25,25,5,0.9806763285024155,173
subtype,linear_probe,25,25,6,0.9920826623725174,173
subtype,linear_probe,25,25,7,0.9904723564143854,173
subtype,linear_probe,50,50,0,0.9753086419753086,173
subtype,linear_probe,50,50,1,0.9859098228663447,173
subtype,linear_probe,50,50,2,0.9918142780461621,173
subtype,linear_probe,50,50,3,0.9698067632850241,173
subtype,linear_probe,50,50,4,0.9762479871175523,173
subtype,linear_probe,50,50,5,0.9814814814814815,173
subtype,linear_probe,50,50,6,0.9926194310252281,173
subtype,linear_probe,50,50,7,0.9912775093934514,173
subtype,linear_probe,100,100,0,0.9773215244229737,173
subtype,linear_probe,100,100,1,0.9867149758454107,173
subtype,linear_probe,100,100,2,0.9924852388620504,173
subtype,linear_probe,100,100,3,0.9730273752012882,173
subtype,linear_probe,100,100,4,0.9778582930756844,173
subtype,linear_probe,100,100,5,0.9821524422973699,173
subtype,linear_probe,100,100,6,0.9943639291465378,173
subtype,linear_probe,100,100,7,0.9924852388620504,173
subtype,zeroshot,0,0,0,0.975577026301664,173
subtype,zeroshot,0,0,1,0.9820182501341922,173
subtype,zeroshot,0,0,2,0.988593666129898,173
subtype,zeroshot,0,0,3,0.9698067632850241,173
subtype,zeroshot,0,0,4,0.9745034889962426,173
subtype,zeroshot,0,0,5,0.9800053676865271,173
subtype,zeroshot,0,0,6,0.9908749329039184,173
subtype,zeroshot,0,0,7,0.99020397208803,173
