keap1_mutant,oof_probability
1.000000000000000000e+00,4.079941029408760134e-01
0.000000000000000000e+00,1.782341744680026874e-01
0.000000000000000000e+00,2.183574989907173525e-01
0.000000000000000000e+00,1.751560262685257496e-01
0.000000000000000000e+00,1.790509313062732533e-01
0.000000000000000000e+00,8.176453401154758494e-01
0.000000000000000000e+00,2.032076463466135074e-01
0.000000000000000000e+00,1.908301193148255470e-01
0.000000000000000000e+00,7.094482954853818801e-02
0.000000000000000000e+00,1.966914215281807821e-01
0.000000000000000000e+00,2.338514604802785224e-01
0.000000000000000000e+00,1.859760756876499832e-01
0.000000000000000000e+00,1.743517677280426170e-01
0.000000000000000000e+00,1.820624179265069031e-01
0.000000000000000000e+00,4.914752913582369764e-01
0.000000000000000000e+00,1.924794682245582478e-01
0.000000000000000000e+00,1.665166335884996907e-01
1.000000000000000000e+00,5.599695770492018054e-01
1.000000000000000000e+00,4.198084939730581389e-01
0.000000000000000000e+00,2.258503230601520972e-01
0.000000000000000000e+00,6.396783037589971743e-02
0.000000000000000000e+00,1.786584000774354419e-01
0.000000000000000000e+00,1.802840580049766828e-01
0.000000000000000000e+00,3.308312000101077399e-01
0.000000000000000000e+00,2.687485347398380076e-01
0.000000000000000000e+00,4.719388135065633733e-02
0.000000000000000000e+00,1.967550276633925344e-01
0.000000000000000000e+00,1.909577806877664208e-01
0.000000000000000000e+00,2.084146443649086688e-01
0.000000000000000000e+00,2.029286731094600282e-01
0.000000000000000000e+00,2.065370564281616417e-01
1.000000000000000000e+00,8.881366368182075366e-01
1.000000000000000000e+00,3.528636808265744329e-01
0.000000000000000000e+00,1.850273262584647693e-01
0.000000000000000000e+00,1.846404945752036786e-01
0.000000000000000000e+00,1.931292960061572195e-01
0.000000000000000000e+00,1.907765679549328075e-01
0.000000000000000000e+00,2.319113744406026412e-01
0.000000000000000000e+00,1.852378624313464062e-01
0.000000000000000000e+00,1.829934590427801933e-01
0.000000000000000000e+00,8.755926023212626252e-02
0.000000000000000000e+00,4.309572006842289360e-01
0.000000000000000000e+00,2.258887492257472263e-01
0.000000000000000000e+00,9.784516893964183282e-02
0.000000000000000000e+00,1.045409526511646009e-01
0.000000000000000000e+00,1.859895500361711806e-01
0.000000000000000000e+00,1.829556264139619859e-01
0.000000000000000000e+00,2.012581467362830334e-01
0.000000000000000000e+00,1.778951868890421839e-01
0.000000000000000000e+00,5.947996612250863735e-02
0.000000000000000000e+00,1.915656287939486446e-01
1.000000000000000000e+00,8.978538299410174783e-01
0.000000000000000000e+00,1.859791875234866887e-01
1.000000000000000000e+00,3.515622475357878529e-01
1.000000000000000000e+00,2.249466416751488285e-01
0.000000000000000000e+00,1.769385461906824997e-01
1.000000000000000000e+00,4.939236641660757487e-01
0.000000000000000000e+00,1.778262110819761876e-01
0.000000000000000000e+00,1.814442672522919020e-01
1.000000000000000000e+00,2.417272316311876446e-01
1.000000000000000000e+00,8.299407663922685474e-01
0.000000000000000000e+00,5.333323543170475078e-01
1.000000000000000000e+00,5.854842677416924879e-01
0.000000000000000000e+00,1.095689754802108146e-01
0.000000000000000000e+00,1.699332328353870269e-01
0.000000000000000000e+00,1.864478236855111049e-01
0.000000000000000000e+00,1.814087825163986922e-01
0.000000000000000000e+00,1.827116570746861735e-01
0.000000000000000000e+00,1.668433101084720038e-01
0.000000000000000000e+00,5.033686455776104074e-02
1.000000000000000000e+00,3.781967945849186163e-01
0.000000000000000000e+00,1.754383154006075585e-01
1.000000000000000000e+00,2.966242361041939724e-01
0.000000000000000000e+00,1.757974448862431038e-01
0.000000000000000000e+00,1.893405591145835842e-01
1.000000000000000000e+00,2.961986126327481039e-01
0.000000000000000000e+00,5.108868179745360699e-02
0.000000000000000000e+00,1.803325164730495422e-01
1.000000000000000000e+00,3.739916784921378246e-01
1.000000000000000000e+00,7.341536680200806408e-01
1.000000000000000000e+00,2.868826906147312616e-01
0.000000000000000000e+00,1.896400739391231050e-01
0.000000000000000000e+00,9.233564044300421325e-02
0.000000000000000000e+00,1.750506693570382799e-01
0.000000000000000000e+00,1.723639644305805518e-01
0.000000000000000000e+00,9.588750969871930041e-02
1.000000000000000000e+00,3.884947308712984326e-01
1.000000000000000000e+00,4.579196540268858917e-01
1.000000000000000000e+00,2.631864172146464176e-01
0.000000000000000000e+00,1.730694937924078802e-01
1.000000000000000000e+00,7.324733064460691168e-01
1.000000000000000000e+00,6.101337905698354103e-01
0.000000000000000000e+00,1.783407124293296675e-01
0.000000000000000000e+00,8.152746242871378168e-02
0.000000000000000000e+00,1.724986347307148060e-01
0.000000000000000000e+00,1.934995035211982406e-01
1.000000000000000000e+00,2.204584289423406063e-01
0.000000000000000000e+00,1.905875178439415119e-01
0.000000000000000000e+00,1.799987098196368096e-01
0.000000000000000000e+00,1.772538624291744858e-01
1.000000000000000000e+00,9.896824478473317255e-01
0.000000000000000000e+00,1.800617542833069795e-01
0.000000000000000000e+00,1.924476762397289431e-01
0.000000000000000000e+00,2.555300074814325084e-01
1.000000000000000000e+00,1.746909186428480532e-01
0.000000000000000000e+00,3.984666734413571110e-01
0.000000000000000000e+00,2.037446781465354073e-01
0.000000000000000000e+00,2.634045410669541010e-01
0.000000000000000000e+00,2.720269567693349710e-01
0.000000000000000000e+00,1.829052388608521929e-01
0.000000000000000000e+00,1.725298009415932587e-01
1.000000000000000000e+00,4.080342995515920390e-01
1.000000000000000000e+00,3.622313069480417869e-01
0.000000000000000000e+00,1.836839517776319985e-01
0.000000000000000000e+00,9.475661947671802643e-02
0.000000000000000000e+00,1.887995410105406391e-01
0.000000000000000000e+00,1.889643147761154995e-01
0.000000000000000000e+00,1.841833677271295377e-01
0.000000000000000000e+00,2.256406858824028250e-01
0.000000000000000000e+00,4.451267562469299333e-02
0.000000000000000000e+00,3.806003231413611076e-01
0.000000000000000000e+00,2.125907201582573347e-01
0.000000000000000000e+00,2.153939683337697808e-01
0.000000000000000000e+00,1.922453492512730122e-01
0.000000000000000000e+00,2.581574328100500609e-02
0.000000000000000000e+00,1.959260166013563342e-01
0.000000000000000000e+00,1.755221187785473980e-01
0.000000000000000000e+00,1.701966385438072882e-01
0.000000000000000000e+00,7.707143897898771634e-02
0.000000000000000000e+00,1.013259519782203355e-01
1.000000000000000000e+00,4.186023190243562953e-01
0.000000000000000000e+00,1.744213019568218170e-01
0.000000000000000000e+00,1.813514910940122182e-01
1.000000000000000000e+00,3.561662335441641014e-01
1.000000000000000000e+00,3.480840059093573968e-01
0.000000000000000000e+00,1.818253636628796022e-01
0.000000000000000000e+00,1.793954841976938830e-01
0.000000000000000000e+00,1.748006029815102336e-01
0.000000000000000000e+00,9.175311987850715001e-01
0.000000000000000000e+00,1.803286196375752937e-01
1.000000000000000000e+00,3.983666111823235267e-01
0.000000000000000000e+00,1.770184048345659344e-01
1.000000000000000000e+00,7.253916565687762441e-01
0.000000000000000000e+00,2.969233965588762292e-01
0.000000000000000000e+00,2.442691255242327164e-01
0.000000000000000000e+00,1.745677662251595708e-01
0.000000000000000000e+00,1.827223226507731224e-01
0.000000000000000000e+00,1.800060841561312019e-01
0.000000000000000000e+00,1.804258732505375218e-01
0.000000000000000000e+00,2.023211604363093497e-01
0.000000000000000000e+00,2.297855128973765315e-01
0.000000000000000000e+00,1.763955394426998946e-01
0.000000000000000000e+00,1.833060936408151820e-01
1.000000000000000000e+00,2.020470457943141784e-01
0.000000000000000000e+00,1.769939697388719368e-01
0.000000000000000000e+00,2.309540808174552831e-02
0.000000000000000000e+00,1.685918028842720018e-01
0.000000000000000000e+00,2.106487260594065436e-01
0.000000000000000000e+00,4.474583303975859239e-01
0.000000000000000000e+00,6.045775090092189025e-02
0.000000000000000000e+00,1.832348519051330282e-01
0.000000000000000000e+00,1.871643466679437096e-01
0.000000000000000000e+00,2.503026533022591482e-01
0.000000000000000000e+00,1.754978600751042062e-01
0.000000000000000000e+00,1.839915788844243838e-01
0.000000000000000000e+00,5.114179957010082933e-02
0.000000000000000000e+00,2.075613846839734766e-01
1.000000000000000000e+00,1.191853176564689892e-01
0.000000000000000000e+00,1.936219173072517841e-01
0.000000000000000000e+00,1.767063103214036868e-01
0.000000000000000000e+00,1.778736631367427712e-01
0.000000000000000000e+00,1.785377843396376840e-01
0.000000000000000000e+00,3.175497817799815548e-01
0.000000000000000000e+00,2.037524796542915240e-01
0.000000000000000000e+00,1.815521155067617576e-01
0.000000000000000000e+00,5.157575508096686745e-01
1.000000000000000000e+00,4.257780413370994554e-01
1.000000000000000000e+00,9.405568122097103245e-01
0.000000000000000000e+00,1.750059184098453069e-01
0.000000000000000000e+00,3.733631403887391897e-01
0.000000000000000000e+00,1.783416584007732342e-01
0.000000000000000000e+00,1.899363353233097518e-01
0.000000000000000000e+00,4.710394115866288201e-01
1.000000000000000000e+00,2.588449807093932686e-01
0.000000000000000000e+00,1.856034625995076903e-01
0.000000000000000000e+00,3.729572690832238385e-02
0.000000000000000000e+00,1.227963010028140373e-01
0.000000000000000000e+00,2.319159583876273800e-01
0.000000000000000000e+00,1.751012777523265618e-01
0.000000000000000000e+00,1.855686331924331356e-01
0.000000000000000000e+00,1.747681459202866106e-01
0.000000000000000000e+00,2.154474245089089690e-01
0.000000000000000000e+00,1.246343492133986236e-01
0.000000000000000000e+00,1.779627698909144184e-01
1.000000000000000000e+00,2.619145620937425867e-01
1.000000000000000000e+00,2.470833167850927381e-01
1.000000000000000000e+00,9.680306734446574024e-02
0.000000000000000000e+00,1.757061195645417684e-01
0.000000000000000000e+00,1.848905693981934828e-01
1.000000000000000000e+00,1.990109483270038893e-01
0.000000000000000000e+00,1.850970348564951184e-01
0.000000000000000000e+00,2.016707283765453163e-01
0.000000000000000000e+00,1.808630045665806374e-01
0.000000000000000000e+00,1.844647640081910067e-01
0.000000000000000000e+00,1.776465975988054669e-01
0.000000000000000000e+00,1.948856268747816423e-01
0.000000000000000000e+00,1.832201268394101079e-01
0.000000000000000000e+00,1.974326265918371903e-01
1.000000000000000000e+00,4.590084935482499628e-01
0.000000000000000000e+00,1.818010714601561439e-01
0.000000000000000000e+00,1.819419583247990080e-01
0.000000000000000000e+00,2.239126994606594478e-01
0.000000000000000000e+00,1.701380734065882083e-01
0.000000000000000000e+00,1.765741081347862451e-01
0.000000000000000000e+00,1.773589855955674255e-01
1.000000000000000000e+00,5.153539843453517344e-01
0.000000000000000000e+00,1.742653501437026464e-01
0.000000000000000000e+00,1.704681474614668235e-01
1.000000000000000000e+00,3.184474994238656320e-01
0.000000000000000000e+00,8.849805464172708080e-02
0.000000000000000000e+00,2.612552260472310595e-01
0.000000000000000000e+00,1.748626139866088225e-01
0.000000000000000000e+00,3.111682497388801871e-01
0.000000000000000000e+00,1.783078484896013505e-01
1.000000000000000000e+00,5.680715420781308200e-01
0.000000000000000000e+00,1.712175128672182578e-01
0.000000000000000000e+00,1.719316824817113953e-01
1.000000000000000000e+00,3.291353659797334186e-01
0.000000000000000000e+00,1.938401677813344770e-01
0.000000000000000000e+00,2.042295742485867316e-01
0.000000000000000000e+00,2.001548744339292918e-01
0.000000000000000000e+00,1.871999252332063879e-01
0.000000000000000000e+00,1.930699487897243882e-01
0.000000000000000000e+00,9.135709447146986295e-02
1.000000000000000000e+00,4.936100004892657322e-01
0.000000000000000000e+00,3.257787545647493066e-01
0.000000000000000000e+00,1.729894371486225824e-01
0.000000000000000000e+00,1.779135904561094106e-01
0.000000000000000000e+00,1.757092950136651954e-01
0.000000000000000000e+00,1.976478086348232022e-01
0.000000000000000000e+00,6.032381754602000878e-01
0.000000000000000000e+00,1.699374989843736861e-01
0.000000000000000000e+00,1.747257249475198393e-01
1.000000000000000000e+00,2.017908783363784320e-01
0.000000000000000000e+00,1.760942452787781776e-01
0.000000000000000000e+00,1.231740839216077799e-01
0.000000000000000000e+00,1.736726123431887592e-01
0.000000000000000000e+00,2.165289576126197268e-01
0.000000000000000000e+00,1.793103494371676987e-01
0.000000000000000000e+00,7.154982748986672692e-02
0.000000000000000000e+00,1.909954287837333231e-01
0.000000000000000000e+00,1.849178776638769617e-01
0.000000000000000000e+00,1.832471599504902349e-01
0.000000000000000000e+00,1.800321320448398377e-01
0.000000000000000000e+00,1.741780118555585066e-01
0.000000000000000000e+00,8.442680633381709210e-02
0.000000000000000000e+00,1.748274978010647129e-01
0.000000000000000000e+00,1.708151022858260260e-01
0.000000000000000000e+00,1.715456675745803128e-01
1.000000000000000000e+00,4.070751800635434847e-01
0.000000000000000000e+00,1.754583540181826884e-01
0.000000000000000000e+00,2.317699851037442194e-01
0.000000000000000000e+00,1.947698690156999257e-01
0.000000000000000000e+00,5.968529260873012277e-01
0.000000000000000000e+00,1.818160551836167371e-01
0.000000000000000000e+00,1.643627988126970529e-01
0.000000000000000000e+00,1.082011584774886098e-01
1.000000000000000000e+00,2.774109813401596791e-01
1.000000000000000000e+00,2.962636599006598925e-01
0.000000000000000000e+00,1.765776994775775377e-01
0.000000000000000000e+00,3.414396054270154024e-01
0.000000000000000000e+00,1.346008322821043712e-01
0.000000000000000000e+00,1.837205116386201875e-01
0.000000000000000000e+00,2.075624423756698700e-01
0.000000000000000000e+00,1.795625574084084575e-01
0.000000000000000000e+00,3.351087912588248535e-02
0.000000000000000000e+00,1.782484397277086519e-01
0.000000000000000000e+00,1.804513085283022122e-01
1.000000000000000000e+00,2.664370534073590147e-01
0.000000000000000000e+00,1.767011400184743675e-01
1.000000000000000000e+00,4.350342138717311902e-01
0.000000000000000000e+00,1.814751247434123471e-01
0.000000000000000000e+00,1.752142236302106637e-01
0.000000000000000000e+00,2.075410379122038795e-01
1.000000000000000000e+00,5.461921271593884741e-01
0.000000000000000000e+00,1.911958824514691235e-01
0.000000000000000000e+00,9.312450393043240071e-01
0.000000000000000000e+00,1.776324641355638001e-01
0.000000000000000000e+00,1.841328333950476293e-01
1.000000000000000000e+00,4.626422139238731135e-01
0.000000000000000000e+00,1.779132781429814958e-01
0.000000000000000000e+00,2.680656447570615719e-01
1.000000000000000000e+00,5.442573576838463101e-01
0.000000000000000000e+00,4.369756589987636719e-01
0.000000000000000000e+00,1.784881511327468806e-01
1.000000000000000000e+00,1.933752971414115229e-01
1.000000000000000000e+00,4.884904633582411448e-01
0.000000000000000000e+00,1.963411135679711261e-01
1.000000000000000000e+00,5.870854418247299922e-01
1.000000000000000000e+00,1.715071341250860026e-01
0.000000000000000000e+00,2.071512352037067906e-01
0.000000000000000000e+00,3.129017414125309648e-01
0.000000000000000000e+00,1.980342117485397735e-01
1.000000000000000000e+00,3.402129383557970788e-01
0.000000000000000000e+00,1.908800313358197942e-01
1.000000000000000000e+00,4.780930623496221221e-01
1.000000000000000000e+00,6.823220509529632771e-01
0.000000000000000000e+00,4.545798595772222450e-01
0.000000000000000000e+00,1.855346384710004626e-01
0.000000000000000000e+00,2.279848422096046601e-01
0.000000000000000000e+00,1.974424880968216334e-01
0.000000000000000000e+00,3.551687206622508031e-01
0.000000000000000000e+00,9.410163642476802870e-02
0.000000000000000000e+00,2.794723411323529194e-01
1.000000000000000000e+00,5.815465753243247438e-01
0.000000000000000000e+00,2.310919619065699426e-01
0.000000000000000000e+00,1.796110978234192190e-01
0.000000000000000000e+00,1.658934392544037795e-01
0.000000000000000000e+00,2.063820279305431660e-01
0.000000000000000000e+00,1.790487525235420208e-01
0.000000000000000000e+00,1.886785646818387729e-01
1.000000000000000000e+00,2.035842002936089912e-01
0.000000000000000000e+00,2.703469059056249346e-01
0.000000000000000000e+00,1.812716542521996543e-01
0.000000000000000000e+00,1.845631074928136550e-01
0.000000000000000000e+00,4.625008015509424891e-02
0.000000000000000000e+00,1.759489084995453922e-01
0.000000000000000000e+00,3.845462933029838437e-01
0.000000000000000000e+00,1.904285221008450990e-01
0.000000000000000000e+00,7.329692898910034060e-02
0.000000000000000000e+00,2.056818038678109861e-01
0.000000000000000000e+00,1.929317850584036931e-01
0.000000000000000000e+00,4.662756930668278676e-01
0.000000000000000000e+00,1.942819875891080017e-01
0.000000000000000000e+00,1.917663204693524082e-01
0.000000000000000000e+00,1.890457522379700994e-01
0.000000000000000000e+00,3.905644360541625226e-01
0.000000000000000000e+00,1.807999645162327584e-01
0.000000000000000000e+00,1.826654653993069199e-01
0.000000000000000000e+00,1.918772141271163634e-01
0.000000000000000000e+00,7.341340144381865163e-02
0.000000000000000000e+00,1.752572540510849430e-01
0.000000000000000000e+00,7.849711448364717070e-02
1.000000000000000000e+00,4.643154944451225452e-01
1.000000000000000000e+00,9.890982186639519780e-01
0.000000000000000000e+00,1.886219199621678444e-01
0.000000000000000000e+00,1.219082496672892202e-01
0.000000000000000000e+00,1.775539496910719661e-01
0.000000000000000000e+00,2.400570643077508948e-01
0.000000000000000000e+00,8.886855734308085619e-02
1.000000000000000000e+00,3.330638224032644312e-01
0.000000000000000000e+00,1.149055300851140465e-01
1.000000000000000000e+00,9.910686678358364698e-01
0.000000000000000000e+00,5.406678198497481130e-02
0.000000000000000000e+00,9.691863915411389474e-01
0.000000000000000000e+00,1.782922771952982210e-01
0.000000000000000000e+00,1.736550707078240718e-01
0.000000000000000000e+00,1.771055243808516699e-01
0.000000000000000000e+00,1.821301792680469489e-01
0.000000000000000000e+00,1.815915324466727543e-01
0.000000000000000000e+00,3.295560315890482816e-01
0.000000000000000000e+00,1.836112843117141125e-01
0.000000000000000000e+00,1.808720185540085568e-01
0.000000000000000000e+00,1.828486511540749482e-01
0.000000000000000000e+00,1.900280194868452788e-01
0.000000000000000000e+00,1.701032281985128403e-01
1.000000000000000000e+00,1.991354912398428934e-01
1.000000000000000000e+00,4.456910302198512919e-01
0.000000000000000000e+00,2.008439335914071477e-01
0.000000000000000000e+00,1.749106777737165774e-01
0.000000000000000000e+00,1.765107632864904574e-01
0.000000000000000000e+00,2.561338194973876714e-01
0.000000000000000000e+00,1.757906548894594412e-01
0.000000000000000000e+00,5.859784645390343077e-02
0.000000000000000000e+00,1.733666302699901351e-01
0.000000000000000000e+00,1.769237305857428444e-01
0.000000000000000000e+00,4.115468466436882355e-01
0.000000000000000000e+00,1.804104931976810433e-01
0.000000000000000000e+00,8.991878818525669836e-02
0.000000000000000000e+00,1.767375257926068477e-01
0.000000000000000000e+00,8.933935413104912571e-02
0.000000000000000000e+00,1.866303067422048767e-01
1.000000000000000000e+00,5.387278210999580930e-01
0.000000000000000000e+00,1.720607038588379267e-01
0.000000000000000000e+00,1.778522196436889136e-01
0.000000000000000000e+00,1.971847449819905673e-01
1.000000000000000000e+00,1.706618443371980820e-01
0.000000000000000000e+00,1.893118308848708020e-01
0.000000000000000000e+00,1.795546025696825587e-01
0.000000000000000000e+00,1.770952585070319218e-01
0.000000000000000000e+00,1.888391348697580907e-01
0.000000000000000000e+00,2.085336607655516594e-01
0.000000000000000000e+00,1.950859768606971190e-01
0.000000000000000000e+00,6.372188987336124821e-02
0.000000000000000000e+00,1.794953590843740010e-01
0.000000000000000000e+00,1.968558755649971459e-01
0.000000000000000000e+00,1.941435598008316443e-01
0.000000000000000000e+00,1.705241439000938497e-01
0.000000000000000000e+00,1.824670321961214814e-01
0.000000000000000000e+00,1.858587870595261871e-01
0.000000000000000000e+00,3.128462373118846007e-01
0.000000000000000000e+00,1.678961007369718095e-01
0.000000000000000000e+00,1.768152309220995533e-01
0.000000000000000000e+00,1.969398494624278184e-01
0.000000000000000000e+00,1.730010411662527281e-01
1.000000000000000000e+00,4.442287817450961129e-01
0.000000000000000000e+00,1.800570722616759156e-01
1.000000000000000000e+00,4.633325943992371854e-01
0.000000000000000000e+00,1.796238539880060381e-01
0.000000000000000000e+00,1.735143618418647504e-01
0.000000000000000000e+00,1.730830540974436504e-01
0.000000000000000000e+00,1.736180096293516162e-01
0.000000000000000000e+00,1.752829892271896284e-01
0.000000000000000000e+00,1.892482372428141713e-01
1.000000000000000000e+00,4.794205405311850465e-01
0.000000000000000000e+00,1.831547960404948383e-01
0.000000000000000000e+00,2.283802028237606196e-01
0.000000000000000000e+00,1.799857179804226770e-01
0.000000000000000000e+00,1.758149349877810297e-01
0.000000000000000000e+00,2.093842689681755520e-01
0.000000000000000000e+00,8.708169127288029054e-02
0.000000000000000000e+00,1.778484001999640074e-01
1.000000000000000000e+00,6.343789883531115725e-01
0.000000000000000000e+00,8.386583404932999863e-02
0.000000000000000000e+00,1.775927079733445046e-01
1.000000000000000000e+00,4.760137156331372132e-01
0.000000000000000000e+00,2.263775514323996818e-01
0.000000000000000000e+00,1.727133030284515869e-01
0.000000000000000000e+00,1.750619671677295930e-01
0.000000000000000000e+00,1.678392374946829912e-01
0.000000000000000000e+00,6.373810366372872904e-02
0.000000000000000000e+00,1.747302372347637467e-01
0.000000000000000000e+00,1.674603380353059390e-01
0.000000000000000000e+00,6.574881717971360617e-02
0.000000000000000000e+00,4.886659371038767907e-01
0.000000000000000000e+00,1.829269471337146291e-01
0.000000000000000000e+00,1.754366109494602810e-01
0.000000000000000000e+00,1.727756450734910798e-01
0.000000000000000000e+00,1.741253554214673149e-01
0.000000000000000000e+00,1.748166513804463307e-01
0.000000000000000000e+00,1.741819931246775810e-01
0.000000000000000000e+00,1.854794103648443049e-01
0.000000000000000000e+00,1.793137076989340106e-01
0.000000000000000000e+00,2.007198911550264753e-01
0.000000000000000000e+00,1.944598853642236225e-01
0.000000000000000000e+00,1.806905784978957430e-01
0.000000000000000000e+00,1.791221554335314659e-01
1.000000000000000000e+00,3.701766670739767284e-01
0.000000000000000000e+00,1.255340014871779708e-01
0.000000000000000000e+00,1.779159919057413108e-01
0.000000000000000000e+00,2.126987523706247163e-01
0.000000000000000000e+00,1.778888425607977053e-01
0.000000000000000000e+00,2.735515808284834649e-01
1.000000000000000000e+00,4.515660575891321526e-01
0.000000000000000000e+00,4.473148323742647814e-01
0.000000000000000000e+00,1.776030537803940101e-01
0.000000000000000000e+00,1.772823851184184840e-01
0.000000000000000000e+00,1.849899739590964987e-01
0.000000000000000000e+00,1.739086409723237525e-01
1.000000000000000000e+00,6.339533487299049419e-01
0.000000000000000000e+00,1.035541804346881006e-01
0.000000000000000000e+00,1.843453920119382805e-01
0.000000000000000000e+00,1.188792802607444438e-01
0.000000000000000000e+00,1.916809852349361520e-01
1.000000000000000000e+00,2.351333433005611817e-01
0.000000000000000000e+00,1.069937750629155471e-01
0.000000000000000000e+00,1.854375421518627831e-01
1.000000000000000000e+00,3.633650078600255684e-01
0.000000000000000000e+00,1.902137614325868642e-01
0.000000000000000000e+00,1.851784127340341812e-01
0.000000000000000000e+00,1.697573595838869354e-01
