male,oof_probability
1.000000000000000000e+00,8.602087764364596545e-01
0.000000000000000000e+00,1.145015856628246176e-01
1.000000000000000000e+00,8.594424447184575433e-01
0.000000000000000000e+00,1.369203370925616559e-01
1.000000000000000000e+00,8.546052583697786309e-01
1.000000000000000000e+00,8.532953417158699594e-01
0.000000000000000000e+00,1.491532775185019644e-01
1.000000000000000000e+00,8.555482625220901527e-01
0.000000000000000000e+00,2.204492165561353356e-01
0.000000000000000000e+00,1.727849110024170520e-01
1.000000000000000000e+00,8.561994208759449165e-01
1.000000000000000000e+00,8.612556244830954499e-01
1.000000000000000000e+00,8.621354516289364556e-01
1.000000000000000000e+00,8.600191190553649889e-01
1.000000000000000000e+00,8.598604440844076491e-01
0.000000000000000000e+00,1.314136708122053965e-01
1.000000000000000000e+00,8.512449752543954640e-01
0.000000000000000000e+00,1.907368890478109702e-01
1.000000000000000000e+00,8.543737926060348542e-01
0.000000000000000000e+00,1.886647998376193569e-01
0.000000000000000000e+00,1.170443103468165880e-01
1.000000000000000000e+00,8.566226313265538073e-01
1.000000000000000000e+00,8.323813269949165150e-01
1.000000000000000000e+00,8.172454399485152843e-01
0.000000000000000000e+00,1.138208480295897634e-01
0.000000000000000000e+00,1.831938040626223396e-01
1.000000000000000000e+00,8.446153211480592615e-01
1.000000000000000000e+00,8.272439632360911732e-01
1.000000000000000000e+00,8.438764325546623812e-01
1.000000000000000000e+00,8.169856655851460703e-01
0.000000000000000000e+00,1.412627148248424003e-01
0.000000000000000000e+00,2.695347878248812723e-01
0.000000000000000000e+00,1.524940092838948658e-01
0.000000000000000000e+00,2.006196331182577564e-01
0.000000000000000000e+00,1.802536383268388831e-01
0.000000000000000000e+00,1.714316402090168279e-01
1.000000000000000000e+00,8.622130928222718760e-01
0.000000000000000000e+00,4.410926383272648632e-01
0.000000000000000000e+00,1.315794482317388103e-01
0.000000000000000000e+00,2.018611656173832647e-01
1.000000000000000000e+00,8.577122355958032296e-01
0.000000000000000000e+00,1.391759805008538908e-01
1.000000000000000000e+00,8.581345385951127946e-01
1.000000000000000000e+00,8.230251725923790618e-01
1.000000000000000000e+00,8.557706887687897002e-01
0.000000000000000000e+00,1.117020702732781506e-01
0.000000000000000000e+00,1.236252559391378819e-01
0.000000000000000000e+00,1.645821973690042572e-01
0.000000000000000000e+00,1.067488395809921276e-01
0.000000000000000000e+00,1.276191608316589454e-01
1.000000000000000000e+00,8.544744314301500054e-01
0.000000000000000000e+00,1.065766762630067227e-01
1.000000000000000000e+00,8.511036031300044380e-01
1.000000000000000000e+00,8.549673399318458156e-01
0.000000000000000000e+00,1.255862393879282612e-01
1.000000000000000000e+00,8.536673349984850168e-01
0.000000000000000000e+00,1.721136315475588208e-01
1.000000000000000000e+00,8.521070029041662997e-01
0.000000000000000000e+00,1.275130604485793517e-01
1.000000000000000000e+00,8.538966988610242614e-01
0.000000000000000000e+00,1.285563843086252322e-01
0.000000000000000000e+00,1.584183683008463517e-01
1.000000000000000000e+00,8.545590465222580034e-01
1.000000000000000000e+00,8.533079551779572114e-01
0.000000000000000000e+00,8.876196733505997694e-02
0.000000000000000000e+00,1.277912431155916462e-01
1.000000000000000000e+00,8.564999110296550588e-01
1.000000000000000000e+00,8.550869454279654835e-01
0.000000000000000000e+00,8.849324213457142319e-02
1.000000000000000000e+00,8.561006384061652374e-01
0.000000000000000000e+00,1.162218029006808345e-01
0.000000000000000000e+00,1.418624185872624510e-01
0.000000000000000000e+00,1.250780798707608610e-01
0.000000000000000000e+00,1.522868606052839857e-01
0.000000000000000000e+00,1.136147385833727874e-01
0.000000000000000000e+00,1.355703489554758445e-01
1.000000000000000000e+00,8.569424943614603052e-01
0.000000000000000000e+00,1.607895473257640040e-01
0.000000000000000000e+00,1.230317644342519001e-01
1.000000000000000000e+00,8.546419901175932310e-01
0.000000000000000000e+00,1.352740597174474368e-01
0.000000000000000000e+00,1.650403863401622984e-01
0.000000000000000000e+00,1.550658804842895699e-01
1.000000000000000000e+00,8.587741670187911680e-01
1.000000000000000000e+00,8.551344852651050488e-01
1.000000000000000000e+00,8.630735023444146004e-01
1.000000000000000000e+00,8.613462204657211796e-01
1.000000000000000000e+00,8.621951419490333501e-01
0.000000000000000000e+00,1.205398555712406117e-01
0.000000000000000000e+00,1.170110553615083676e-01
0.000000000000000000e+00,1.396740577595469435e-01
0.000000000000000000e+00,1.566781279978242680e-01
1.000000000000000000e+00,8.638751029485118860e-01
0.000000000000000000e+00,2.534585408434044673e-01
0.000000000000000000e+00,1.221011477636022857e-01
0.000000000000000000e+00,1.580475776433790114e-01
1.000000000000000000e+00,8.601809885375237830e-01
0.000000000000000000e+00,1.163948873650427623e-01
0.000000000000000000e+00,1.294376513364103587e-01
1.000000000000000000e+00,8.620393027053613322e-01
1.000000000000000000e+00,8.557577673988731037e-01
0.000000000000000000e+00,1.654267821004128947e-01
1.000000000000000000e+00,8.574064409873604076e-01
1.000000000000000000e+00,8.570276033831711882e-01
0.000000000000000000e+00,1.270257721316517541e-01
1.000000000000000000e+00,8.550726427585234601e-01
1.000000000000000000e+00,8.571940483557608514e-01
0.000000000000000000e+00,1.143792112950832857e-01
1.000000000000000000e+00,8.585795405352785181e-01
1.000000000000000000e+00,8.612425083358784539e-01
0.000000000000000000e+00,1.427071497937898725e-01
0.000000000000000000e+00,1.273305086043284573e-01
0.000000000000000000e+00,1.479514495201492696e-01
1.000000000000000000e+00,8.516646761212499639e-01
1.000000000000000000e+00,8.543049686307121471e-01
0.000000000000000000e+00,1.408220029289368180e-01
0.000000000000000000e+00,1.225320464964274325e-01
0.000000000000000000e+00,1.474814621309499807e-01
0.000000000000000000e+00,1.670259853397633998e-01
0.000000000000000000e+00,1.576838750903295783e-01
0.000000000000000000e+00,1.226973622373158518e-01
0.000000000000000000e+00,1.149886804449908595e-01
0.000000000000000000e+00,1.329618592465177940e-01
1.000000000000000000e+00,8.525228250667346019e-01
0.000000000000000000e+00,1.225202277040075283e-01
1.000000000000000000e+00,8.532442540181512936e-01
1.000000000000000000e+00,8.537239715482518587e-01
0.000000000000000000e+00,2.540079376355994789e-01
0.000000000000000000e+00,1.199654319122382407e-01
0.000000000000000000e+00,1.214675657986627466e-01
1.000000000000000000e+00,8.557416048477248793e-01
1.000000000000000000e+00,8.603196010135135685e-01
0.000000000000000000e+00,1.564513407603883577e-01
1.000000000000000000e+00,8.535979245198671572e-01
1.000000000000000000e+00,8.530374037179059288e-01
1.000000000000000000e+00,8.420194882226154087e-01
1.000000000000000000e+00,8.496624322697577947e-01
0.000000000000000000e+00,1.003321348764668053e-01
0.000000000000000000e+00,1.190910604625748104e-01
1.000000000000000000e+00,8.582986616499734822e-01
1.000000000000000000e+00,8.372188584001193368e-01
1.000000000000000000e+00,8.480497634061088252e-01
0.000000000000000000e+00,9.596459237346167959e-02
1.000000000000000000e+00,8.559001299097920290e-01
0.000000000000000000e+00,1.263428223940590012e-01
0.000000000000000000e+00,1.307162797349549210e-01
1.000000000000000000e+00,8.548336787506773948e-01
0.000000000000000000e+00,1.138077579440440329e-01
0.000000000000000000e+00,1.592493950726986685e-01
0.000000000000000000e+00,1.156426376482704160e-01
1.000000000000000000e+00,8.553247358217153096e-01
1.000000000000000000e+00,8.537837146384921194e-01
0.000000000000000000e+00,1.010377850271513001e-01
0.000000000000000000e+00,1.378513335773328963e-01
1.000000000000000000e+00,8.576294680750864430e-01
1.000000000000000000e+00,8.519751063390262891e-01
0.000000000000000000e+00,1.245610530699959445e-01
0.000000000000000000e+00,1.239046928013474713e-01
1.000000000000000000e+00,8.539725877166312040e-01
0.000000000000000000e+00,1.161390462698641823e-01
0.000000000000000000e+00,1.163167424668709454e-01
0.000000000000000000e+00,1.348602167473161584e-01
1.000000000000000000e+00,8.518870648449642369e-01
0.000000000000000000e+00,1.127237485065247791e-01
1.000000000000000000e+00,8.543774101446276470e-01
0.000000000000000000e+00,1.376768469271113515e-01
1.000000000000000000e+00,8.487506653493358533e-01
1.000000000000000000e+00,8.532849637652344388e-01
0.000000000000000000e+00,1.353647837681766219e-01
0.000000000000000000e+00,1.142817951565431728e-01
0.000000000000000000e+00,1.616525603576112469e-01
0.000000000000000000e+00,1.993264163530308608e-01
1.000000000000000000e+00,8.322732851206461335e-01
0.000000000000000000e+00,1.702848579626520531e-01
1.000000000000000000e+00,8.573801238288565330e-01
0.000000000000000000e+00,1.230750789131234424e-01
1.000000000000000000e+00,8.578572138278558468e-01
1.000000000000000000e+00,8.556339737729500294e-01
1.000000000000000000e+00,8.455016189629076528e-01
1.000000000000000000e+00,8.574554286669787695e-01
1.000000000000000000e+00,8.508709271560894738e-01
0.000000000000000000e+00,1.416424654320123933e-01
0.000000000000000000e+00,1.086288834974751955e-01
0.000000000000000000e+00,1.460276773319139909e-01
0.000000000000000000e+00,1.424479834804597556e-01
0.000000000000000000e+00,1.506081457643450028e-01
1.000000000000000000e+00,8.578673854675864519e-01
1.000000000000000000e+00,8.589981525556387165e-01
0.000000000000000000e+00,1.202691314383909499e-01
0.000000000000000000e+00,1.071597622913743192e-01
1.000000000000000000e+00,8.520439470650402747e-01
1.000000000000000000e+00,8.555142190764215560e-01
1.000000000000000000e+00,8.550627680495911376e-01
0.000000000000000000e+00,1.051980631226598489e-01
1.000000000000000000e+00,8.536819081890288929e-01
0.000000000000000000e+00,1.332669778726479348e-01
0.000000000000000000e+00,1.013274742959679869e-01
0.000000000000000000e+00,1.261853206647772785e-01
1.000000000000000000e+00,8.533116044105480968e-01
0.000000000000000000e+00,8.281029204864479021e-02
0.000000000000000000e+00,1.390992074189723871e-01
1.000000000000000000e+00,8.535384387121567329e-01
1.000000000000000000e+00,8.536148272337814591e-01
0.000000000000000000e+00,1.150222507786340387e-01
0.000000000000000000e+00,8.543382265387833296e-02
1.000000000000000000e+00,8.474312881058189140e-01
0.000000000000000000e+00,9.657195211706326443e-02
0.000000000000000000e+00,8.206173474991210193e-02
1.000000000000000000e+00,8.585165807165586749e-01
0.000000000000000000e+00,1.323095611666135485e-01
1.000000000000000000e+00,8.578301467054113560e-01
0.000000000000000000e+00,9.904126614536094830e-02
0.000000000000000000e+00,8.621551393870277580e-02
0.000000000000000000e+00,1.001290328296543658e-01
0.000000000000000000e+00,9.457335296270769076e-02
1.000000000000000000e+00,8.575825229782079173e-01
1.000000000000000000e+00,8.537300787233716992e-01
0.000000000000000000e+00,1.652004020189834221e-01
0.000000000000000000e+00,1.395649497361678704e-01
0.000000000000000000e+00,1.093856381877201106e-01
0.000000000000000000e+00,1.448365603612206121e-01
1.000000000000000000e+00,8.548876920730009710e-01
1.000000000000000000e+00,8.548862880196584912e-01
0.000000000000000000e+00,9.214694183508735648e-02
0.000000000000000000e+00,2.746442460538965347e-01
1.000000000000000000e+00,8.576011652470337809e-01
0.000000000000000000e+00,9.768076628989376398e-02
1.000000000000000000e+00,8.553940378801356825e-01
0.000000000000000000e+00,9.611775562011654062e-02
0.000000000000000000e+00,1.371030821666163191e-01
0.000000000000000000e+00,8.958006947348580440e-02
1.000000000000000000e+00,8.565867887477923714e-01
1.000000000000000000e+00,8.557573405573426495e-01
1.000000000000000000e+00,8.550125547217505284e-01
0.000000000000000000e+00,1.503208621270936962e-01
0.000000000000000000e+00,1.085323765314498423e-01
1.000000000000000000e+00,8.611320752144925317e-01
1.000000000000000000e+00,8.544876396528299223e-01
1.000000000000000000e+00,8.625087951695059596e-01
1.000000000000000000e+00,8.562443684686601442e-01
0.000000000000000000e+00,1.634695732341442942e-01
1.000000000000000000e+00,8.602117555171212571e-01
1.000000000000000000e+00,8.509969564225329242e-01
0.000000000000000000e+00,1.212451972631094083e-01
0.000000000000000000e+00,1.197504415881960466e-01
0.000000000000000000e+00,2.166105158486415216e-01
1.000000000000000000e+00,8.488285769797390135e-01
1.000000000000000000e+00,8.505854368120705500e-01
1.000000000000000000e+00,8.575856494136180341e-01
1.000000000000000000e+00,8.524784614538322147e-01
1.000000000000000000e+00,8.510695818835114501e-01
0.000000000000000000e+00,1.705284084890515139e-01
0.000000000000000000e+00,1.042814715063366815e-01
1.000000000000000000e+00,8.514106683594461211e-01
0.000000000000000000e+00,1.929321348186912588e-01
0.000000000000000000e+00,1.688944077363016272e-01
0.000000000000000000e+00,1.049741300764409774e-01
1.000000000000000000e+00,8.542310253117479935e-01
1.000000000000000000e+00,8.497916888707640615e-01
1.000000000000000000e+00,8.541750017300743236e-01
0.000000000000000000e+00,1.416493023360780035e-01
0.000000000000000000e+00,2.167593879153238146e-01
0.000000000000000000e+00,1.056063480841182428e-01
0.000000000000000000e+00,1.485472563203623642e-01
1.000000000000000000e+00,8.540980994664020276e-01
0.000000000000000000e+00,1.090807436706245359e-01
0.000000000000000000e+00,1.880735212073889329e-01
1.000000000000000000e+00,8.617253643780684591e-01
1.000000000000000000e+00,8.572065682650477081e-01
1.000000000000000000e+00,8.528184471852355841e-01
0.000000000000000000e+00,1.623742263932987095e-01
1.000000000000000000e+00,8.615016960263505164e-01
0.000000000000000000e+00,1.747461750043402540e-01
0.000000000000000000e+00,1.469234958736825580e-01
0.000000000000000000e+00,1.311714044023681858e-01
1.000000000000000000e+00,8.578778002396110214e-01
1.000000000000000000e+00,8.583832642944069224e-01
0.000000000000000000e+00,1.368232668839015620e-01
0.000000000000000000e+00,1.452846121969567639e-01
0.000000000000000000e+00,1.678155453419959975e-01
1.000000000000000000e+00,8.512115879746180447e-01
1.000000000000000000e+00,8.553278917281652571e-01
1.000000000000000000e+00,8.523585487925121607e-01
0.000000000000000000e+00,1.595504410939303230e-01
0.000000000000000000e+00,1.409476076172339887e-01
0.000000000000000000e+00,1.184201585234762877e-01
0.000000000000000000e+00,1.260731450378968221e-01
0.000000000000000000e+00,1.397728999584934573e-01
1.000000000000000000e+00,8.579585189044472981e-01
1.000000000000000000e+00,8.552783457467895145e-01
1.000000000000000000e+00,8.580145643087241369e-01
1.000000000000000000e+00,8.531159978683759970e-01
0.000000000000000000e+00,1.170293419614537450e-01
1.000000000000000000e+00,8.510998875506243788e-01
1.000000000000000000e+00,8.574026892201835892e-01
1.000000000000000000e+00,8.555855708784440017e-01
0.000000000000000000e+00,1.007588669601339748e-01
0.000000000000000000e+00,1.161977439562638797e-01
1.000000000000000000e+00,8.508144203026094532e-01
0.000000000000000000e+00,1.471847253253735777e-01
1.000000000000000000e+00,8.546510737270905933e-01
1.000000000000000000e+00,8.539345547084278287e-01
1.000000000000000000e+00,8.563092461408577938e-01
1.000000000000000000e+00,8.541049626693092423e-01
0.000000000000000000e+00,1.630775316550036602e-01
1.000000000000000000e+00,8.455336127399414314e-01
1.000000000000000000e+00,8.528649031272079739e-01
1.000000000000000000e+00,8.551664524746416252e-01
0.000000000000000000e+00,1.706983169814020873e-01
0.000000000000000000e+00,1.748091485937883771e-01
1.000000000000000000e+00,8.542649386826114410e-01
1.000000000000000000e+00,8.559033972151949277e-01
1.000000000000000000e+00,8.545404707605590566e-01
0.000000000000000000e+00,8.971301457909736099e-02
0.000000000000000000e+00,1.105808351239280229e-01
1.000000000000000000e+00,8.534075403669350024e-01
0.000000000000000000e+00,2.352253381646171870e-01
0.000000000000000000e+00,1.233711371208805752e-01
0.000000000000000000e+00,1.697656793561887478e-01
1.000000000000000000e+00,8.614453714307896970e-01
0.000000000000000000e+00,1.251621469661688968e-01
1.000000000000000000e+00,8.589248636517876623e-01
0.000000000000000000e+00,1.396686402092605361e-01
1.000000000000000000e+00,8.492158613492400976e-01
1.000000000000000000e+00,8.551833248813630606e-01
1.000000000000000000e+00,8.570269880875899249e-01
0.000000000000000000e+00,1.238320677599482472e-01
0.000000000000000000e+00,1.519903915000552497e-01
0.000000000000000000e+00,9.904394402343247306e-02
1.000000000000000000e+00,8.477809188328346846e-01
1.000000000000000000e+00,8.582569021146998489e-01
1.000000000000000000e+00,8.578884142223039966e-01
0.000000000000000000e+00,1.481219224381681576e-01
1.000000000000000000e+00,8.528799816955935365e-01
0.000000000000000000e+00,1.284587278086972706e-01
0.000000000000000000e+00,1.419924102721110692e-01
1.000000000000000000e+00,8.548339508396395336e-01
0.000000000000000000e+00,1.268657349651021449e-01
1.000000000000000000e+00,8.547133397828267087e-01
0.000000000000000000e+00,1.647242041412839975e-01
1.000000000000000000e+00,8.406491160116468242e-01
1.000000000000000000e+00,8.488646779017403610e-01
1.000000000000000000e+00,8.535045446201131591e-01
1.000000000000000000e+00,8.539474338001741271e-01
0.000000000000000000e+00,9.038766665710307180e-02
1.000000000000000000e+00,8.547578138979144979e-01
0.000000000000000000e+00,9.311203935339466831e-02
1.000000000000000000e+00,8.519820507645328167e-01
1.000000000000000000e+00,8.535022557235861784e-01
1.000000000000000000e+00,8.535805146933590493e-01
0.000000000000000000e+00,9.809567846136350855e-02
1.000000000000000000e+00,8.586504388877078675e-01
1.000000000000000000e+00,8.459472323379373382e-01
0.000000000000000000e+00,9.583398852595548245e-02
0.000000000000000000e+00,1.048326082431385864e-01
1.000000000000000000e+00,8.548283039253581350e-01
1.000000000000000000e+00,8.559183250278974420e-01
0.000000000000000000e+00,1.150856243875912066e-01
1.000000000000000000e+00,8.533748818208515274e-01
0.000000000000000000e+00,1.415376663739349172e-01
0.000000000000000000e+00,3.104131543512060332e-01
0.000000000000000000e+00,2.175336154707027125e-01
0.000000000000000000e+00,5.218686147601874215e-01
1.000000000000000000e+00,8.506206827777625934e-01
0.000000000000000000e+00,9.182738644564877872e-02
1.000000000000000000e+00,8.534936809755333531e-01
0.000000000000000000e+00,9.216891960045719978e-02
0.000000000000000000e+00,9.249225416795957277e-02
0.000000000000000000e+00,2.428712470537791879e-01
1.000000000000000000e+00,8.551631077384639346e-01
1.000000000000000000e+00,8.552554488137938948e-01
0.000000000000000000e+00,1.167693400365867468e-01
0.000000000000000000e+00,1.199732067864661827e-01
1.000000000000000000e+00,8.521698346013509839e-01
1.000000000000000000e+00,8.584952137497962044e-01
1.000000000000000000e+00,8.566552719511955072e-01
1.000000000000000000e+00,8.523086212601205247e-01
1.000000000000000000e+00,8.578174332393169177e-01
0.000000000000000000e+00,1.518149165260614386e-01
0.000000000000000000e+00,2.163925389249682640e-01
1.000000000000000000e+00,8.579905028948341394e-01
1.000000000000000000e+00,8.534075499484418126e-01
1.000000000000000000e+00,8.516156346433229052e-01
1.000000000000000000e+00,8.557506921459034910e-01
0.000000000000000000e+00,1.583461062600254599e-01
1.000000000000000000e+00,8.574506805104897822e-01
1.000000000000000000e+00,8.536176496721092910e-01
0.000000000000000000e+00,1.777594597951224764e-01
0.000000000000000000e+00,1.277246761705583822e-01
0.000000000000000000e+00,1.663635836093360632e-01
0.000000000000000000e+00,1.199442609044486796e-01
0.000000000000000000e+00,1.057535448685341106e-01
1.000000000000000000e+00,8.532813575997000299e-01
0.000000000000000000e+00,1.336815633041709139e-01
0.000000000000000000e+00,1.590781901924432917e-01
1.000000000000000000e+00,8.517873997090823490e-01
0.000000000000000000e+00,1.146178024030169995e-01
0.000000000000000000e+00,1.125917706953732944e-01
1.000000000000000000e+00,8.530656170823321949e-01
0.000000000000000000e+00,1.652824210412831285e-01
1.000000000000000000e+00,8.518706594679011923e-01
0.000000000000000000e+00,1.111073207248056971e-01
1.000000000000000000e+00,8.533973529612873810e-01
0.000000000000000000e+00,1.237496701931662668e-01
1.000000000000000000e+00,8.540933226777249754e-01
0.000000000000000000e+00,1.061699565792156158e-01
0.000000000000000000e+00,1.021292011058874960e-01
1.000000000000000000e+00,8.565585815176125495e-01
0.000000000000000000e+00,9.871465618083742621e-02
0.000000000000000000e+00,1.124366350672306863e-01
1.000000000000000000e+00,8.587843773441934392e-01
0.000000000000000000e+00,9.734850654487123278e-02
1.000000000000000000e+00,8.542448848686386986e-01
0.000000000000000000e+00,1.115354862044249107e-01
1.000000000000000000e+00,8.392312603036443663e-01
0.000000000000000000e+00,1.073371878138552893e-01
0.000000000000000000e+00,1.914123842902584749e-01
0.000000000000000000e+00,1.217580782195498978e-01
1.000000000000000000e+00,8.579746151045370972e-01
0.000000000000000000e+00,1.347186125500676179e-01
0.000000000000000000e+00,1.364316880724298076e-01
0.000000000000000000e+00,1.367625910474446760e-01
0.000000000000000000e+00,1.052366673012364168e-01
0.000000000000000000e+00,1.057482907713251929e-01
0.000000000000000000e+00,8.077736156954873348e-02
0.000000000000000000e+00,9.825625376565316760e-02
0.000000000000000000e+00,1.120111277798794547e-01
1.000000000000000000e+00,8.537888717381054704e-01
0.000000000000000000e+00,1.651336250355580904e-01
0.000000000000000000e+00,8.861700764973017008e-02
1.000000000000000000e+00,8.582640401063114100e-01
0.000000000000000000e+00,2.086854835587784451e-01
1.000000000000000000e+00,8.576293018473551966e-01
1.000000000000000000e+00,8.480867915280247971e-01
0.000000000000000000e+00,1.339136855983028285e-01
1.000000000000000000e+00,8.587093343057372596e-01
1.000000000000000000e+00,8.567880465713070270e-01
1.000000000000000000e+00,8.568300239583386269e-01
1.000000000000000000e+00,8.542714273568290384e-01
1.000000000000000000e+00,8.592448487323839368e-01
1.000000000000000000e+00,8.582895119008645546e-01
1.000000000000000000e+00,8.585107042631371366e-01
0.000000000000000000e+00,1.233163013664976826e-01
0.000000000000000000e+00,2.045836535684923685e-01
0.000000000000000000e+00,8.947612089235604249e-02
1.000000000000000000e+00,8.588182080211214098e-01
0.000000000000000000e+00,1.138994715196353508e-01
0.000000000000000000e+00,1.140630289961001992e-01
1.000000000000000000e+00,8.588047296420322496e-01
1.000000000000000000e+00,8.254241615028408141e-01
1.000000000000000000e+00,8.358634459152318730e-01
0.000000000000000000e+00,1.409207672993454952e-01
0.000000000000000000e+00,1.111753744919373732e-01
1.000000000000000000e+00,8.599358630865536757e-01
0.000000000000000000e+00,1.253656620158990487e-01
0.000000000000000000e+00,1.084128392081649683e-01
0.000000000000000000e+00,1.038695949028367593e-01
0.000000000000000000e+00,2.408207667100859539e-01
1.000000000000000000e+00,8.565634280268085154e-01
0.000000000000000000e+00,2.543861384493066313e-01
1.000000000000000000e+00,8.036259749390184393e-01
0.000000000000000000e+00,1.562441446906187303e-01
0.000000000000000000e+00,1.427324197816318141e-01
0.000000000000000000e+00,1.206879446569824599e-01
1.000000000000000000e+00,7.778865488014138352e-01
1.000000000000000000e+00,8.586497434171732612e-01
0.000000000000000000e+00,1.245237974539856740e-01
0.000000000000000000e+00,1.474127857727092483e-01
